idea,dataset_id,dataset_name,provider,url,data_type,geography,coverage_start,coverage_end,update_frequency,formats,access,auth_required,license,fetchable,download_url,notes
dengue,opendengue,OpenDengue global dengue database,OpenDengue (LSHTM-led collaboration),https://opendengue.org/,Aggregated dengue case counts by admin unit and time period,102 dengue-affected countries incl. Bangladesh,1990,ongoing,Versioned releases (v1.2 = 56M+ cases),CSV,Open download from opendengue.org and the OpenDengue GitHub org,no,CC BY 4.0 (confirm on download),True,https://opendengue.org/data/OpenDengue_extract_V1_2.csv,"Compiled from ministry of health sites, peer-reviewed papers and disease databases. Filter to Bangladesh on the country column."
dengue,healthmap,HealthMap outbreak alerts,HealthMap (Boston Children's Hospital),https://www.healthmap.org/,"Near-real-time outbreak signals from ProMED, news and eyewitness reports",Global,2006,ongoing,Continuous,"HTML, JSON (undocumented endpoints)",Site scrape or partner access; feeds WHO outbreak intelligence,partner agreement for bulk access,Terms of use apply,False,,"Use for leading signal ahead of official counts, not as ground truth."
dengue,dghs_dengue_press_release,DGHS daily dengue press release,"Directorate General of Health Services, Bangladesh",https://dghs.gov.bd/,Daily hospital admissions and deaths by division and hospital,Bangladesh,2019,ongoing,Daily during season,"PDF, HTML",Published as daily PDFs; needs a parser,no,Government publication,False,,Official ground truth to calibrate against. Lags real infection curve.
flood,google_flood_hub,Google Flood Hub forecasts,Google Research,https://sites.research.google/floods/,Riverine flood forecasts up to 7 days ahead,80+ countries; launched in India and Bangladesh,2018,ongoing,Continuous,"Web UI, API","Free for governments, aid organisations and individuals",no (viewer),Google terms,False,,Bangladesh-proven: used in anticipatory cash-relief pilots with IRC.
flood,google_flood_forecasting_api,Google Flood Forecasting API,Google Research,https://developers.google.com/flood-forecasting,Programmatic gauge-level flood forecasts and thresholds,Flood Hub coverage area,2023,ongoing,Continuous,JSON,"Free, but pilot access is applied for and approved by email",yes (approved API key),Google API terms,False,,The alert layer would consume this directly - no model to train.
flood,google_inundation_history,Inundation History dataset,Google Research,https://sites.research.google/floods/,Historical satellite-derived inundation extents,Global flood-prone basins,1999,2020,Static release,Raster / tabular,Public research dataset,no,Confirm on download,False,,Training data if you model inundation yourself instead of consuming forecasts.
flood,google_grrr,Google Runoff Reanalysis & Reforecast (GRRR),Google Research,https://sites.research.google/floods/,Modelled historical and reforecast river runoff,Global,1980,2023,Static release,NetCDF / tabular,Public research dataset,no,Confirm on download,False,,Long training record for a custom risk model.
flood,ffwc,FFWC river water level bulletins,"Flood Forecasting and Warning Centre, BWDB",http://www.ffwc.gov.bd/,"Observed river gauge levels vs danger levels, daily bulletins",Bangladesh river gauge network,,ongoing,Daily (more often in monsoon),"HTML, PDF",Public website; needs a parser,no,Government publication,False,,Official national ground truth; pair with Flood Hub forecasts.
flood,glofas,GloFAS global flood awareness system,Copernicus Emergency Management Service,https://global-flood.emergency.copernicus.eu/,Global river discharge forecasts and reanalysis,Global,1979,ongoing,Daily,"NetCDF, GRIB via CDS API",Free Copernicus/CDS account,yes (free account),Copernicus open licence,False,,Independent cross-check against Flood Hub.
road_safety,figshare_bd_road_accidents_2025,Integrated Bangladesh road accident dataset (2007-2024),figshare (multi-agency compilation),https://figshare.com/,"Accident records with location, severity and vehicle details",Bangladesh,2007,2024,Static release (2025),CSV / XLSX,Open download via figshare article and API,no,Usually CC BY on figshare - confirm on the article page,False,,"Integrates ARI (BUET), BRTA, Dhaka Metropolitan Police and Military Police records plus primary field collection - the multi-source cross-check the black-spot model needs. Resolve the article ID first."
road_safety,ieee_dataport_bd_accidents,Bangladesh road accident dataset from newspaper reports,IEEE DataPort,https://ieee-dataport.org/,Accident records extracted from newspaper reporting,Bangladesh,2016,2019,Static release,CSV,IEEE DataPort account required,yes (login),IEEE DataPort terms,False,,Media-sourced angle to compare against official figures.
road_safety,who_road_safety,WHO Global Status Report on Road Safety,World Health Organization,https://www.who.int/teams/social-determinants-of-health/safety-and-mobility/global-status-report-on-road-safety-2023,Modelled national road traffic death estimates,"Global, per country",2000,2021,Every ~3 years,"PDF, XLSX",Open download,no,CC BY-NC-SA 3.0 IGO,False,,Source of the ~3x gap vs official Bangladesh reporting - see data/reference/bd_road_death_estimates.csv.
road_safety,newspaper_archives,Bangladeshi newspaper accident reporting,"National dailies (Prothom Alo, The Daily Star and others)",https://www.prothomalo.com/,"News articles reporting individual crashes, with date and location text",Bangladesh,,ongoing,Continuous,"HTML, site JSON APIs",Collect yourself with a scraper; no bulk export is published,no,Each publisher's terms of service - check robots.txt before collecting,False,,"The only continuously updating road-safety source. Extract accident reports and geocode the location text to extend the newspaper-derived datasets past 2019, and to cross-check official counts."
air_quality,openaq,OpenAQ measurements API,OpenAQ,https://docs.openaq.org/,"Station-level pollutant measurements (PM2.5, PM10, NO2, ...)",Global incl. Dhaka,2013,ongoing,Continuous,"JSON (REST API v3), CSV exports",REST API; free API key from the OpenAQ Explorer,"yes (free API key, X-API-Key header)",CC BY 4.0,True,https://api.openaq.org/v3/locations?iso=BD&limit=1000,Fastest of the four to get running. Set OPENAQ_API_KEY before fetching.
air_quality,waqi,World Air Quality Index (aqicn) feed,WAQI / aqicn.org,https://aqicn.org/data-platform/token/,Real-time AQI per station with per-pollutant breakdown,Global; several Dhaka stations,,ongoing,Hourly,JSON,Free token from aqicn.org/data-platform/token,yes (free token),"WAQI terms, attribution required",True,https://api.waqi.info/feed/dhaka/,Set WAQI_TOKEN before fetching.
air_quality,iqair,IQAir AirVisual API,IQAir,https://www.iqair.com/air-pollution-data-api,Current AQI plus pollution forecasts,Global,,ongoing,Hourly,JSON,Paid tiers (limited free community tier),yes (paid key for forecasts),Commercial terms,False,,Only needed if you want vendor forecasts rather than modelling spikes yourself.
air_quality,cams,CAMS global atmospheric composition forecasts,Copernicus Atmosphere Monitoring Service,https://atmosphere.copernicus.eu/,Modelled and satellite-derived pollutant fields,Global,2003,ongoing,Daily,"NetCDF, GRIB via ADS API",Free Copernicus account,yes (free account),Copernicus open licence,False,,Fills gaps where Dhaka ground stations are sparse or offline.
air_quality,doe_case,DoE CASE air quality monitoring,"Department of Environment, Bangladesh",http://case.doe.gov.bd/,Official CAMS station readings and national AQI,Bangladesh (Dhaka and divisional cities),2013,ongoing,Hourly/daily,HTML,Public website; needs a parser,no,Government publication,False,,Official national reference to cross-check OpenAQ and WAQI.
